<?xml version="1.0" encoding="UTF-8"?>
<project-private xmlns="http://www.netbeans.org/ns/project-private/1">
    <editor-bookmarks xmlns="http://www.netbeans.org/ns/editor-bookmarks/2" lastBookmarkId="0"/>
    <open-files xmlns="http://www.netbeans.org/ns/projectui-open-files/2">
        <group>
            <file>file:/C:/laragon/www/emision-timbrado/EJEMPLO-PHP/index.php</file>
            <file>file:/C:/laragon/www/emision-timbrado/EJEMPLO-PHP/vendor/lunasoft/sw-sdk-php/SWServices/Stamp/StampRequest.php</file>
            <file>file:/C:/laragon/www/emision-timbrado/EJEMPLO-PHP/vendor/lunasoft/sw-sdk-php/SWServices/Stamp/StampService.php</file>
            <file>file:/C:/laragon/www/emision-timbrado/EJEMPLO-PHP/certificados.php</file>
            <file>file:/C:/laragon/www/emision-timbrado/EJEMPLO-PHP/vendor/autoload.php</file>
            <file>file:/C:/laragon/www/emision-timbrado/EJEMPLO-PHP/sw-sdk-php-master/SWServices/Stamp/StampRequest.php</file>
        </group>
    </open-files>
</project-private>
