<?xml version="1.0" encoding="utf-8"?>
<cfdi:Comprobante xsi:schemaLocation="http://www.sat.gob.mx/cfd/3 http://www.sat.gob.mx/sitio_internet/cfd/3/cfdv33.xsd"
                  Version="3.3"
                  Serie="RogueOne"
                  Folio="HNFK231"
                  Fecha="2017-12-13T12:15:06"
                  FormaPago="01"
				  Sello=""
                  NoCertificado=""
                  Certificado=""
                  SubTotal="100.00"
                  Moneda="MXN"
                  TipoCambio="1"
                  Total="116.00"
                  TipoDeComprobante="I"
                  MetodoPago="PUE"
                  LugarExpedicion="06300"
                  xmlns:cfdi="http://www.sat.gob.mx/cfd/3"
                  xmlns:xsi="http://www.w3.org/2001/XMLSchema-instance">
	<cfdi:Emisor Rfc=""
	             Nombre=""
	             RegimenFiscal="601" />
	<cfdi:Receptor Rfc="AAA010101AAA"
	               Nombre="SW SMARTERWEB CON AMOR"
	               UsoCFDI="G03" />
	<cfdi:Conceptos>
		<cfdi:Concepto ClaveProdServ="01010101"
		               NoIdentificacion="UT421511"
		               Cantidad="1"
		               ClaveUnidad="E48"
		               Unidad="Pieza"
		               Descripcion="Bimbuñuelos"
		               ValorUnitario="100.00"
		               Importe="100.00">
			<cfdi:Impuestos>
				<cfdi:Traslados>
					<cfdi:Traslado Base="100.00"
					               Impuesto="002"
					               TipoFactor="Tasa"
					               TasaOCuota="0.160000"
					               Importe="16.00" />
				</cfdi:Traslados>
			</cfdi:Impuestos>
		</cfdi:Concepto>
	</cfdi:Conceptos>
	<cfdi:Impuestos TotalImpuestosTrasladados="16.00">
		<cfdi:Traslados>
			<cfdi:Traslado Impuesto="002"
			               TipoFactor="Tasa"
			               TasaOCuota="0.160000"
			               Importe="16.00" />
			
		</cfdi:Traslados>
	</cfdi:Impuestos>
</cfdi:Comprobante>